Gradient Descent,Gradient DescentW,Modified Newton,Modified NewtonW,BFGS,BFGSW,L-BFGS,L-BFGSW
[2.99999397 0.49999846],[2.99999397 0.49999846],[2.99999834 0.49999954],[2.99999998 0.5       ],[2.99999999 0.5       ],[2.99999999 0.5       ],[2.99999941 0.49999989],[2.99999941 0.49999989]
5.864893505229859e-12,5.864893505229859e-12,4.872682242486278e-13,3.39335214155997e-16,6.087293486559347e-18,6.087293486559347e-18,8.646703065049467e-14,8.646703065049467e-14
716,716,7,8,15,15,16,16
0.12532925605773926,0.252716064453125,0.0028276443481445312,0.0037872791290283203,0.003217935562133789,0.004202842712402344,0.0029544830322265625,0.004160642623901367
"Converged. Gradient norm is below tolerance. 
","Converged. Gradient norm is below tolerance. 
",Converged. Gradient norm is below tolerance.,Converged. Gradient norm is below tolerance.,Converged. Gradient norm is below tolerance.,Converged. Gradient norm is below tolerance.,Converged. Gradient norm is below tolerance.,Converged. Gradient norm is below tolerance.
"[27.75        4.61122652 10.24225692 ...  0.          0.
  0.        ]","[27.75        4.61122652 10.24225692 ...  0.          0.
  0.        ]","[27.75        8.81431287  5.80887342 ...  0.          0.
  0.        ]","[27.75        8.81431287  3.52396712 ...  0.          0.
  0.        ]","[27.75        4.61122652  9.75548064 ...  0.          0.
  0.        ]","[27.75        4.61122652  9.75548064 ...  0.          0.
  0.        ]","[27.75        4.61122652  4.03768966 ...  0.          0.
  0.        ]","[27.75        4.61122652  4.03768966 ...  0.          0.
  0.        ]"
