Gradient Descent,Gradient DescentW,Modified Newton,Modified NewtonW,BFGS,BFGSW,L-BFGS,L-BFGSW
"[-1.24476887  1.          1.          1.          1.          1.
  1.          1.          1.          1.        ]","[-1.24476887  1.          1.          1.          1.          1.
  1.          1.          1.          1.        ]","[-1.24476995  0.99658333  0.99658333  0.99658333  0.99658333  0.99658333
  0.99658333  0.99658333  0.99658333  0.99658333]","[-1.24476995  0.99658333  0.99658333  0.99658333  0.99658333  0.99658333
  0.99658333  0.99658333  0.99658333  0.99658333]","[-1.24476785  0.99824862  0.99824862  0.99824862  0.99824862  0.99824862
  0.99824862  0.99824862  0.99824862  0.99824862]","[-1.24477053  0.99838582  0.99838582  0.99838582  0.99838582  0.99838582
  0.99838582  0.99838582  0.99838582  0.99838582]","[-1.24476992  1.00086125  1.00086125  1.00086125  1.00086125  1.00086125
  1.00086125  1.00086125  1.00086125  1.00086125]","[-1.24476995  1.00019985  1.00019985  1.00019985  1.00019985  1.00019985
  1.00019985  1.00019985  1.00019985  1.00019985]"
-0.20557280899976715,-0.20557280899976715,-0.2055728077736149,-0.2055728077736149,-0.20557280891421764,-0.20557280893889363,-0.20557280899513183,-0.20557280900006988
29,29,15,15,23,23,13,8
0.00989389419555664,0.014004707336425781,0.008264303207397461,0.009948968887329102,0.01002812385559082,0.012758731842041016,0.011504173278808594,0.006028652191162109
"Converged. Gradient norm is below tolerance. 
","Converged. Gradient norm is below tolerance. 
",Converged. Gradient norm is below tolerance.,Converged. Gradient norm is below tolerance.,Converged. Gradient norm is below tolerance.,Converged. Gradient norm is below tolerance.,Converged. Gradient norm is below tolerance.,Converged. Gradient norm is below tolerance.
"[12.00529244 12.0060242  12.00666798 ...  0.          0.
  0.        ]","[12.00529244 12.0060242  12.00666798 ...  0.          0.
  0.        ]","[12.00529244 11.91274569  3.52850877 ...  0.          0.
  0.        ]","[12.00529244 11.91274569  3.52850877 ...  0.          0.
  0.        ]","[12.00529244 12.0060242   0.40684028 ...  0.          0.
  0.        ]","[12.00529244 12.0060242   0.40684028 ...  0.          0.
  0.        ]","[12.00529244 12.0060242   0.38066609 ...  0.          0.
  0.        ]","[12.00529244 12.0060242   0.38066609 ...  0.          0.
  0.        ]"
