Gradient Descent,Gradient DescentW,Modified Newton,Modified NewtonW,BFGS,BFGSW,L-BFGS,L-BFGSW
[-2.84179554e-19 -2.39286808e-19 -6.72332402e-20 -4.82279384e-20],[-2.84179554e-19 -2.39286808e-19 -6.72332402e-20 -4.82279384e-20],[9.42789873e-12 8.99087104e-12 8.09090918e-12 7.71915835e-12],[9.42789873e-12 8.99087104e-12 8.09090918e-12 7.71915835e-12],[ 1.19320283e-09  7.14213714e-11 -1.79137074e-11 -1.58570541e-09],[ 1.19320283e-09  7.14213714e-11 -1.79137074e-11 -1.58570541e-09],[-3.08130373e-09  1.19019357e-09  5.65856798e-10  6.17668836e-09],[-3.08130373e-09  1.19019357e-09  5.65856798e-10  6.17668836e-09]
7.243121886153063e-38,7.243121886153063e-38,1.4738462670180716e-22,1.4738462670180716e-22,1.9718082867607757e-18,1.9718082867607757e-18,2.4691333198357014e-17,2.4691333198357014e-17
3,3,3,3,4,4,4,4
0.0010113716125488281,0.0010919570922851562,0.0015571117401123047,0.0014295578002929688,0.0010857582092285156,0.0012984275817871094,0.0009877681732177734,0.0011677742004394531
"Converged. Gradient norm is below tolerance. 
","Converged. Gradient norm is below tolerance. 
",Converged. Gradient norm is below tolerance.,Converged. Gradient norm is below tolerance.,Converged. Gradient norm is below tolerance.,Converged. Gradient norm is below tolerance.,Converged. Gradient norm is below tolerance.,Converged. Gradient norm is below tolerance.
"[1.45431532e+00 4.41197229e-02 2.31125898e-06 ... 0.00000000e+00
 0.00000000e+00 0.00000000e+00]","[1.45431532e+00 4.41197229e-02 2.31125898e-06 ... 0.00000000e+00
 0.00000000e+00 0.00000000e+00]","[1.45431532e+00 1.71984262e-01 5.39346627e-04 ... 0.00000000e+00
 0.00000000e+00 0.00000000e+00]","[1.45431532e+00 1.71984262e-01 5.39346627e-04 ... 0.00000000e+00
 0.00000000e+00 0.00000000e+00]","[1.45431532e+00 4.41197229e-02 1.38312963e-03 ... 0.00000000e+00
 0.00000000e+00 0.00000000e+00]","[1.45431532e+00 4.41197229e-02 1.38312963e-03 ... 0.00000000e+00
 0.00000000e+00 0.00000000e+00]",[1.45431532 0.04411972 0.00160959 ... 0.         0.         0.        ],[1.45431532 0.04411972 0.00160959 ... 0.         0.         0.        ]
