Gradient Descent,Gradient DescentW,Modified Newton,Modified NewtonW,BFGS,BFGSW,L-BFGS,L-BFGSW
"[-7.50824316e-05  8.78566488e-30 -4.79695823e-15 -7.98908142e-14
  1.77841043e-04]","[-1.31517483e-04 -5.22498539e-14 -6.77208258e-11 -5.22498522e-14
  1.31517483e-04]","[-3.07693555e-07 -7.90290462e-10  2.17032363e-08  4.57534181e-14
  9.03139571e-19]","[1.53256730e-06 3.24148653e-06 1.54419922e-08 2.74358874e-14
 5.36013037e-22]","[-4.89828083e-05 -4.92377056e-06 -7.19124384e-06  3.23551316e-06
  2.87292377e-06]","[-8.32267597e-06  5.46990349e-06  2.51784802e-05 -9.96950838e-06
  2.77382577e-05]","[ 5.42739047e-07  1.13161252e-05  1.32171982e-08  1.13161252e-05
 -5.42739047e-07]","[ 5.42739047e-07  1.13161252e-05  1.32171982e-08  1.13161252e-05
 -5.42739047e-07]"
1.8632403975944438e-09,1.7296848214770978e-09,4.780931684187443e-15,1.1681854633817922e-12,1.2902106604818717e-10,1.182605770073864e-10,2.5640412116832392e-11,2.5640412116832392e-11
206,231,66,76,85,48,28,28
0.0849602222442627,0.1645979881286621,0.05050826072692871,0.12207722663879395,0.03666496276855469,0.03159475326538086,0.013486623764038086,0.018700838088989258
"Converged. Gradient norm is below tolerance. 
","Converged. Gradient norm is below tolerance. 
",Converged. Gradient norm is below tolerance.,Converged. Gradient norm is below tolerance.,Converged. Gradient norm is below tolerance.,Converged. Gradient norm is below tolerance.,Converged. Gradient norm is below tolerance.,Converged. Gradient norm is below tolerance.
"[193.30349555 155.34234326 123.27498295 ...   0.           0.
   0.        ]","[193.30349555 155.34234326 123.27498295 ...   0.           0.
   0.        ]","[193.30349555 189.09930199 121.74183075 ...   0.           0.
   0.        ]","[193.30349555 189.09930199 121.74183075 ...   0.           0.
   0.        ]","[193.30349555 155.34234326  30.54014236 ...   0.           0.
   0.        ]","[193.30349555 155.34234326  30.54014236 ...   0.           0.
   0.        ]","[193.30349555 155.34234326  14.31287627 ...   0.           0.
   0.        ]","[193.30349555 155.34234326  14.31287627 ...   0.           0.
   0.        ]"
